configuration,normalized,frequency_analysis,left_submission_id,right_submission_id,related,transformation,average_similarity,max_similarity
standard,False,False,BASE,ID_RENAME,True,identifier_rename,1.0,1.0
standard,False,False,BASE,METHOD_REORDER,True,method_reorder,1.0,1.0
standard,False,False,BASE,CLASS_RENAME,True,class_rename,1.0,1.0
standard,False,False,BASE,FILE_RENAME,True,file_rename,1.0,1.0
standard,False,False,BASE,DEAD_CODE,True,dead_code,0.0,0.0
standard,False,False,BASE,CLASS_SPLIT,True,class_split,0.0,0.0
standard,False,False,BASE,UNRELATED_A,False,control,0.0,0.0
standard,False,False,BASE,UNRELATED_B,False,control,0.0,0.0
standard,False,False,BASE,LOOKALIKE,False,control,1.0,1.0
normalized,True,False,BASE,ID_RENAME,True,identifier_rename,1.0,1.0
normalized,True,False,BASE,METHOD_REORDER,True,method_reorder,1.0,1.0
normalized,True,False,BASE,CLASS_RENAME,True,class_rename,1.0,1.0
normalized,True,False,BASE,FILE_RENAME,True,file_rename,1.0,1.0
normalized,True,False,BASE,DEAD_CODE,True,dead_code,1.0,1.0
normalized,True,False,BASE,CLASS_SPLIT,True,class_split,0.0,0.0
normalized,True,False,BASE,UNRELATED_A,False,control,0.0,0.0
normalized,True,False,BASE,UNRELATED_B,False,control,0.0,0.0
normalized,True,False,BASE,LOOKALIKE,False,control,1.0,1.0
frequency,False,True,BASE,ID_RENAME,True,identifier_rename,1.0,1.0
frequency,False,True,BASE,METHOD_REORDER,True,method_reorder,1.0,1.0
frequency,False,True,BASE,CLASS_RENAME,True,class_rename,1.0,1.0
frequency,False,True,BASE,FILE_RENAME,True,file_rename,1.0,1.0
frequency,False,True,BASE,DEAD_CODE,True,dead_code,0.0,0.0
frequency,False,True,BASE,CLASS_SPLIT,True,class_split,0.0,0.0
frequency,False,True,BASE,UNRELATED_A,False,control,0.0,0.0
frequency,False,True,BASE,UNRELATED_B,False,control,0.0,0.0
frequency,False,True,BASE,LOOKALIKE,False,control,1.0,1.0
