left_submission_id,right_submission_id,related,transformation,behavclone_raw_similarity,behavclone_normalized_similarity,behavclone_structural_similarity,jplag_average_similarity,jplag_max_similarity
BASE,ID_RENAME,True,identifier_rename,0.7777777777777778,1.0,1.0,1.0,1.0
BASE,METHOD_REORDER,True,method_reorder,1.0,1.0,1.0,1.0,1.0
BASE,CLASS_RENAME,True,class_rename,1.0,1.0,1.0,1.0,1.0
BASE,FILE_RENAME,True,file_rename,1.0,1.0,1.0,1.0,1.0
BASE,DEAD_CODE,True,dead_code,0.8372093023255814,0.8372093023255814,0.8450704225352113,0.0,0.0
BASE,CLASS_SPLIT,True,class_split,1.0,1.0,1.0,0.0,0.0
BASE,UNRELATED_A,False,control,0.3939393939393939,0.5757575757575757,0.5978336827393431,0.0,0.0
BASE,UNRELATED_B,False,control,0.4508064516129032,0.6725806451612903,0.6871794871794872,0.0,0.0
BASE,LOOKALIKE,False,control,0.6666666666666666,1.0,1.0,1.0,1.0
