left_submission_id,right_submission_id,seeded_related,provenance_related,transformation,raw_similarity,normalized_similarity,structural_similarity,raw_rank,normalized_rank,structural_rank
PRICE_BASE,PRICE_RENAMED,True,True,identifier_rename,0.7777777777777778,1.0,1.0,16,1,1
PRICE_BASE,PRICE_REORDERED,True,True,method_reorder,1.0,1.0,1.0,1,2,2
PRICE_BASE,PRICE_SPLIT,True,True,class_split,1.0,1.0,1.0,2,4,4
PRICE_BASE,SCORE_BASE,False,False,,0.6666666666666666,1.0,1.0,25,7,7
PRICE_BASE,SCORE_RENAMED,False,False,,0.6666666666666666,1.0,1.0,29,11,11
PRICE_BASE,SCORE_REORDERED,False,False,,0.6666666666666666,1.0,1.0,33,16,16
PRICE_BASE,SCORE_SPLIT,False,False,,0.6666666666666666,1.0,1.0,37,22,22
PRICE_BASE,STOCK_BASE,False,False,,0.6666666666666666,1.0,1.0,41,29,29
PRICE_BASE,STOCK_RENAMED,False,False,,0.6666666666666666,1.0,1.0,49,37,37
PRICE_BASE,STOCK_REORDERED,False,False,,0.6666666666666666,1.0,1.0,57,46,46
PRICE_BASE,STOCK_SPLIT,False,False,,0.6666666666666666,1.0,1.0,65,56,56
PRICE_BASE,TEMP_BASE,False,False,,0.5305555555555556,0.8222222222222222,0.8371794871794872,73,73,73
PRICE_BASE,TEMP_RENAMED,False,False,,0.5305555555555556,0.8222222222222222,0.8371794871794872,85,85,85
PRICE_BASE,TEMP_REORDERED,False,False,,0.5305555555555556,0.8222222222222222,0.8371794871794872,97,97,97
PRICE_BASE,TEMP_SPLIT,False,False,,0.5305555555555556,0.8222222222222222,0.8371794871794872,109,109,109
PRICE_RENAMED,PRICE_REORDERED,False,True,,0.7777777777777778,1.0,1.0,17,3,3
PRICE_RENAMED,PRICE_SPLIT,False,True,,0.7777777777777778,1.0,1.0,18,5,5
PRICE_RENAMED,SCORE_BASE,False,False,,0.6666666666666666,1.0,1.0,26,8,8
PRICE_RENAMED,SCORE_RENAMED,False,False,,0.6666666666666666,1.0,1.0,30,12,12
PRICE_RENAMED,SCORE_REORDERED,False,False,,0.6666666666666666,1.0,1.0,34,17,17
PRICE_RENAMED,SCORE_SPLIT,False,False,,0.6666666666666666,1.0,1.0,38,23,23
PRICE_RENAMED,STOCK_BASE,False,False,,0.6666666666666666,1.0,1.0,42,30,30
PRICE_RENAMED,STOCK_RENAMED,False,False,,0.6666666666666666,1.0,1.0,50,38,38
PRICE_RENAMED,STOCK_REORDERED,False,False,,0.6666666666666666,1.0,1.0,58,47,47
PRICE_RENAMED,STOCK_SPLIT,False,False,,0.6666666666666666,1.0,1.0,66,57,57
PRICE_RENAMED,TEMP_BASE,False,False,,0.5305555555555556,0.8222222222222222,0.8371794871794872,74,74,74
PRICE_RENAMED,TEMP_RENAMED,False,False,,0.5305555555555556,0.8222222222222222,0.8371794871794872,86,86,86
PRICE_RENAMED,TEMP_REORDERED,False,False,,0.5305555555555556,0.8222222222222222,0.8371794871794872,98,98,98
PRICE_RENAMED,TEMP_SPLIT,False,False,,0.5305555555555556,0.8222222222222222,0.8371794871794872,110,110,110
PRICE_REORDERED,PRICE_SPLIT,False,True,,1.0,1.0,1.0,3,6,6
PRICE_REORDERED,SCORE_BASE,False,False,,0.6666666666666666,1.0,1.0,27,9,9
PRICE_REORDERED,SCORE_RENAMED,False,False,,0.6666666666666666,1.0,1.0,31,13,13
PRICE_REORDERED,SCORE_REORDERED,False,False,,0.6666666666666666,1.0,1.0,35,18,18
PRICE_REORDERED,SCORE_SPLIT,False,False,,0.6666666666666666,1.0,1.0,39,24,24
PRICE_REORDERED,STOCK_BASE,False,False,,0.6666666666666666,1.0,1.0,43,31,31
PRICE_REORDERED,STOCK_RENAMED,False,False,,0.6666666666666666,1.0,1.0,51,39,39
PRICE_REORDERED,STOCK_REORDERED,False,False,,0.6666666666666666,1.0,1.0,59,48,48
PRICE_REORDERED,STOCK_SPLIT,False,False,,0.6666666666666666,1.0,1.0,67,58,58
PRICE_REORDERED,TEMP_BASE,False,False,,0.5305555555555556,0.8222222222222222,0.8371794871794872,75,75,75
PRICE_REORDERED,TEMP_RENAMED,False,False,,0.5305555555555556,0.8222222222222222,0.8371794871794872,87,87,87
PRICE_REORDERED,TEMP_REORDERED,False,False,,0.5305555555555556,0.8222222222222222,0.8371794871794872,99,99,99
PRICE_REORDERED,TEMP_SPLIT,False,False,,0.5305555555555556,0.8222222222222222,0.8371794871794872,111,111,111
PRICE_SPLIT,SCORE_BASE,False,False,,0.6666666666666666,1.0,1.0,28,10,10
PRICE_SPLIT,SCORE_RENAMED,False,False,,0.6666666666666666,1.0,1.0,32,14,14
PRICE_SPLIT,SCORE_REORDERED,False,False,,0.6666666666666666,1.0,1.0,36,19,19
PRICE_SPLIT,SCORE_SPLIT,False,False,,0.6666666666666666,1.0,1.0,40,25,25
PRICE_SPLIT,STOCK_BASE,False,False,,0.6666666666666666,1.0,1.0,44,32,32
PRICE_SPLIT,STOCK_RENAMED,False,False,,0.6666666666666666,1.0,1.0,52,40,40
PRICE_SPLIT,STOCK_REORDERED,False,False,,0.6666666666666666,1.0,1.0,60,49,49
PRICE_SPLIT,STOCK_SPLIT,False,False,,0.6666666666666666,1.0,1.0,68,59,59
PRICE_SPLIT,TEMP_BASE,False,False,,0.5305555555555556,0.8222222222222222,0.8371794871794872,76,76,76
PRICE_SPLIT,TEMP_RENAMED,False,False,,0.5305555555555556,0.8222222222222222,0.8371794871794872,88,88,88
PRICE_SPLIT,TEMP_REORDERED,False,False,,0.5305555555555556,0.8222222222222222,0.8371794871794872,100,100,100
PRICE_SPLIT,TEMP_SPLIT,False,False,,0.5305555555555556,0.8222222222222222,0.8371794871794872,112,112,112
SCORE_BASE,SCORE_RENAMED,True,True,identifier_rename,0.7777777777777778,1.0,1.0,19,15,15
SCORE_BASE,SCORE_REORDERED,True,True,method_reorder,1.0,1.0,1.0,4,20,20
SCORE_BASE,SCORE_SPLIT,True,True,class_split,1.0,1.0,1.0,5,26,26
SCORE_BASE,STOCK_BASE,False,False,,0.6666666666666666,1.0,1.0,45,33,33
SCORE_BASE,STOCK_RENAMED,False,False,,0.6666666666666666,1.0,1.0,53,41,41
SCORE_BASE,STOCK_REORDERED,False,False,,0.6666666666666666,1.0,1.0,61,50,50
SCORE_BASE,STOCK_SPLIT,False,False,,0.6666666666666666,1.0,1.0,69,60,60
SCORE_BASE,TEMP_BASE,False,False,,0.5305555555555556,0.8222222222222222,0.8371794871794872,77,77,77
SCORE_BASE,TEMP_RENAMED,False,False,,0.5305555555555556,0.8222222222222222,0.8371794871794872,89,89,89
SCORE_BASE,TEMP_REORDERED,False,False,,0.5305555555555556,0.8222222222222222,0.8371794871794872,101,101,101
SCORE_BASE,TEMP_SPLIT,False,False,,0.5305555555555556,0.8222222222222222,0.8371794871794872,113,113,113
SCORE_RENAMED,SCORE_REORDERED,False,True,,0.7777777777777778,1.0,1.0,20,21,21
SCORE_RENAMED,SCORE_SPLIT,False,True,,0.7777777777777778,1.0,1.0,21,27,27
SCORE_RENAMED,STOCK_BASE,False,False,,0.6666666666666666,1.0,1.0,46,34,34
SCORE_RENAMED,STOCK_RENAMED,False,False,,0.6666666666666666,1.0,1.0,54,42,42
SCORE_RENAMED,STOCK_REORDERED,False,False,,0.6666666666666666,1.0,1.0,62,51,51
SCORE_RENAMED,STOCK_SPLIT,False,False,,0.6666666666666666,1.0,1.0,70,61,61
SCORE_RENAMED,TEMP_BASE,False,False,,0.5305555555555556,0.8222222222222222,0.8371794871794872,78,78,78
SCORE_RENAMED,TEMP_RENAMED,False,False,,0.5305555555555556,0.8222222222222222,0.8371794871794872,90,90,90
SCORE_RENAMED,TEMP_REORDERED,False,False,,0.5305555555555556,0.8222222222222222,0.8371794871794872,102,102,102
SCORE_RENAMED,TEMP_SPLIT,False,False,,0.5305555555555556,0.8222222222222222,0.8371794871794872,114,114,114
SCORE_REORDERED,SCORE_SPLIT,False,True,,1.0,1.0,1.0,6,28,28
SCORE_REORDERED,STOCK_BASE,False,False,,0.6666666666666666,1.0,1.0,47,35,35
SCORE_REORDERED,STOCK_RENAMED,False,False,,0.6666666666666666,1.0,1.0,55,43,43
SCORE_REORDERED,STOCK_REORDERED,False,False,,0.6666666666666666,1.0,1.0,63,52,52
SCORE_REORDERED,STOCK_SPLIT,False,False,,0.6666666666666666,1.0,1.0,71,62,62
SCORE_REORDERED,TEMP_BASE,False,False,,0.5305555555555556,0.8222222222222222,0.8371794871794872,79,79,79
SCORE_REORDERED,TEMP_RENAMED,False,False,,0.5305555555555556,0.8222222222222222,0.8371794871794872,91,91,91
SCORE_REORDERED,TEMP_REORDERED,False,False,,0.5305555555555556,0.8222222222222222,0.8371794871794872,103,103,103
SCORE_REORDERED,TEMP_SPLIT,False,False,,0.5305555555555556,0.8222222222222222,0.8371794871794872,115,115,115
SCORE_SPLIT,STOCK_BASE,False,False,,0.6666666666666666,1.0,1.0,48,36,36
SCORE_SPLIT,STOCK_RENAMED,False,False,,0.6666666666666666,1.0,1.0,56,44,44
SCORE_SPLIT,STOCK_REORDERED,False,False,,0.6666666666666666,1.0,1.0,64,53,53
SCORE_SPLIT,STOCK_SPLIT,False,False,,0.6666666666666666,1.0,1.0,72,63,63
SCORE_SPLIT,TEMP_BASE,False,False,,0.5305555555555556,0.8222222222222222,0.8371794871794872,80,80,80
SCORE_SPLIT,TEMP_RENAMED,False,False,,0.5305555555555556,0.8222222222222222,0.8371794871794872,92,92,92
SCORE_SPLIT,TEMP_REORDERED,False,False,,0.5305555555555556,0.8222222222222222,0.8371794871794872,104,104,104
SCORE_SPLIT,TEMP_SPLIT,False,False,,0.5305555555555556,0.8222222222222222,0.8371794871794872,116,116,116
STOCK_BASE,STOCK_RENAMED,True,True,identifier_rename,0.7777777777777778,1.0,1.0,22,45,45
STOCK_BASE,STOCK_REORDERED,True,True,method_reorder,1.0,1.0,1.0,7,54,54
STOCK_BASE,STOCK_SPLIT,True,True,class_split,1.0,1.0,1.0,8,64,64
STOCK_BASE,TEMP_BASE,False,False,,0.5305555555555556,0.8222222222222222,0.8371794871794872,81,81,81
STOCK_BASE,TEMP_RENAMED,False,False,,0.5305555555555556,0.8222222222222222,0.8371794871794872,93,93,93
STOCK_BASE,TEMP_REORDERED,False,False,,0.5305555555555556,0.8222222222222222,0.8371794871794872,105,105,105
STOCK_BASE,TEMP_SPLIT,False,False,,0.5305555555555556,0.8222222222222222,0.8371794871794872,117,117,117
STOCK_RENAMED,STOCK_REORDERED,False,True,,0.7777777777777778,1.0,1.0,23,55,55
STOCK_RENAMED,STOCK_SPLIT,False,True,,0.7777777777777778,1.0,1.0,24,65,65
STOCK_RENAMED,TEMP_BASE,False,False,,0.5305555555555556,0.8222222222222222,0.8371794871794872,82,82,82
STOCK_RENAMED,TEMP_RENAMED,False,False,,0.5305555555555556,0.8222222222222222,0.8371794871794872,94,94,94
STOCK_RENAMED,TEMP_REORDERED,False,False,,0.5305555555555556,0.8222222222222222,0.8371794871794872,106,106,106
STOCK_RENAMED,TEMP_SPLIT,False,False,,0.5305555555555556,0.8222222222222222,0.8371794871794872,118,118,118
STOCK_REORDERED,STOCK_SPLIT,False,True,,1.0,1.0,1.0,9,66,66
STOCK_REORDERED,TEMP_BASE,False,False,,0.5305555555555556,0.8222222222222222,0.8371794871794872,83,83,83
STOCK_REORDERED,TEMP_RENAMED,False,False,,0.5305555555555556,0.8222222222222222,0.8371794871794872,95,95,95
STOCK_REORDERED,TEMP_REORDERED,False,False,,0.5305555555555556,0.8222222222222222,0.8371794871794872,107,107,107
STOCK_REORDERED,TEMP_SPLIT,False,False,,0.5305555555555556,0.8222222222222222,0.8371794871794872,119,119,119
STOCK_SPLIT,TEMP_BASE,False,False,,0.5305555555555556,0.8222222222222222,0.8371794871794872,84,84,84
STOCK_SPLIT,TEMP_RENAMED,False,False,,0.5305555555555556,0.8222222222222222,0.8371794871794872,96,96,96
STOCK_SPLIT,TEMP_REORDERED,False,False,,0.5305555555555556,0.8222222222222222,0.8371794871794872,108,108,108
STOCK_SPLIT,TEMP_SPLIT,False,False,,0.5305555555555556,0.8222222222222222,0.8371794871794872,120,120,120
TEMP_BASE,TEMP_RENAMED,True,True,identifier_rename,0.8207070707070707,1.0,1.0,13,67,67
TEMP_BASE,TEMP_REORDERED,True,True,method_reorder,1.0,1.0,1.0,10,68,68
TEMP_BASE,TEMP_SPLIT,True,True,class_split,1.0,1.0,1.0,11,70,70
TEMP_RENAMED,TEMP_REORDERED,False,True,,0.8207070707070707,1.0,1.0,14,69,69
TEMP_RENAMED,TEMP_SPLIT,False,True,,0.8207070707070707,1.0,1.0,15,71,71
TEMP_REORDERED,TEMP_SPLIT,False,True,,1.0,1.0,1.0,12,72,72
