left_submission_id,right_submission_id,related,transformation,raw_similarity,normalized_similarity,structural_similarity,shared_cohort_feature_count,pair_specific_cohort_feature_count,max_cohort_rarity,mean_cohort_rarity,shared_failure_count,identical_wrong_output_count,max_failure_rarity,max_wrong_output_rarity
BASE,ID_RENAME,True,identifier_rename,0.7777777777777778,1.0,1.0,30,0,1.2006706954621513,1.1655505235762091,1,1,1.3184537311185345,1.3184537311185345
BASE,METHOD_REORDER,True,method_reorder,1.0,1.0,1.0,30,0,1.2006706954621513,1.1655505235762091,1,1,1.3184537311185345,1.3184537311185345
BASE,CLASS_RENAME,True,class_rename,1.0,1.0,1.0,30,0,1.2006706954621513,1.1655505235762091,1,1,1.3184537311185345,1.3184537311185345
BASE,FILE_RENAME,True,file_rename,1.0,1.0,1.0,30,0,1.2006706954621513,1.1655505235762091,1,1,1.3184537311185345,1.3184537311185345
BASE,DEAD_CODE,True,dead_code,0.8372093023255814,0.8372093023255814,0.8450704225352113,30,0,1.2006706954621513,1.1655505235762091,1,1,1.3184537311185345,1.3184537311185345
BASE,CLASS_SPLIT,True,class_split,1.0,1.0,1.0,30,0,1.2006706954621513,1.1655505235762091,1,1,1.3184537311185345,1.3184537311185345
BASE,UNRELATED_A,False,control,0.3939393939393939,0.5757575757575757,0.5978336827393431,0,0,0.0,0.0,0,0,0.0,0.0
BASE,UNRELATED_B,False,control,0.4508064516129032,0.6725806451612903,0.6871794871794872,8,0,1.095310179804325,1.095310179804325,0,0,0.0,0.0
BASE,LOOKALIKE,False,control,0.6666666666666666,1.0,1.0,30,0,1.2006706954621513,1.1655505235762091,0,0,0.0,0.0
