left_submission_id,right_submission_id,related,transformation,mean_raw_similarity,mean_normalized_similarity,mean_structural_similarity,cohort_shared_feature_count,cohort_pair_specific_feature_count,cohort_max_rarity,cohort_mean_rarity,behavior_shared_failure_count,behavior_identical_wrong_output_count,behavior_max_failure_rarity,behavior_max_wrong_output_rarity
PRICE_BASE,PRICE_RENAMED,True,identifier_rename,0.7777777777777778,1.0,1.0,30,0,1.2682639865946794,1.0715370630919143,1,1,2.4469189829363254,2.734601055388106
PRICE_BASE,PRICE_REORDERED,True,method_reorder,1.0,1.0,1.0,30,0,1.2682639865946794,1.0715370630919143,1,0,2.4469189829363254,0.0
PRICE_BASE,PRICE_SPLIT,True,class_split,1.0,1.0,1.0,30,0,1.2682639865946794,1.0715370630919143,0,0,0.0,0.0
PRICE_BASE,SCORE_BASE,False,,0.6666666666666666,1.0,1.0,30,0,1.2682639865946794,1.0715370630919143,0,0,0.0,0.0
PRICE_BASE,SCORE_RENAMED,False,,0.6666666666666666,1.0,1.0,30,0,1.2682639865946794,1.0715370630919143,0,0,0.0,0.0
PRICE_BASE,SCORE_REORDERED,False,,0.6666666666666666,1.0,1.0,30,0,1.2682639865946794,1.0715370630919143,0,0,0.0,0.0
PRICE_BASE,SCORE_SPLIT,False,,0.6666666666666666,1.0,1.0,30,0,1.2682639865946794,1.0715370630919143,0,0,0.0,0.0
PRICE_BASE,STOCK_BASE,False,,0.6666666666666666,1.0,1.0,30,0,1.2682639865946794,1.0715370630919143,0,0,0.0,0.0
PRICE_BASE,STOCK_RENAMED,False,,0.6666666666666666,1.0,1.0,30,0,1.2682639865946794,1.0715370630919143,0,0,0.0,0.0
PRICE_BASE,STOCK_REORDERED,False,,0.6666666666666666,1.0,1.0,30,0,1.2682639865946794,1.0715370630919143,0,0,0.0,0.0
PRICE_BASE,STOCK_SPLIT,False,,0.6666666666666666,1.0,1.0,30,0,1.2682639865946794,1.0715370630919143,0,0,0.0,0.0
PRICE_BASE,TEMP_BASE,False,,0.5305555555555556,0.8222222222222222,0.8371794871794872,16,0,1.0,1.0,0,0,0.0,0.0
PRICE_BASE,TEMP_RENAMED,False,,0.5305555555555556,0.8222222222222222,0.8371794871794872,16,0,1.0,1.0,0,0,0.0,0.0
PRICE_BASE,TEMP_REORDERED,False,,0.5305555555555556,0.8222222222222222,0.8371794871794872,16,0,1.0,1.0,0,0,0.0,0.0
PRICE_BASE,TEMP_SPLIT,False,,0.5305555555555556,0.8222222222222222,0.8371794871794872,16,0,1.0,1.0,0,0,0.0,0.0
PRICE_RENAMED,PRICE_REORDERED,True,,0.7777777777777778,1.0,1.0,30,0,1.2682639865946794,1.0715370630919143,1,0,2.4469189829363254,0.0
PRICE_RENAMED,PRICE_SPLIT,True,,0.7777777777777778,1.0,1.0,30,0,1.2682639865946794,1.0715370630919143,0,0,0.0,0.0
PRICE_RENAMED,SCORE_BASE,False,,0.6666666666666666,1.0,1.0,30,0,1.2682639865946794,1.0715370630919143,0,0,0.0,0.0
PRICE_RENAMED,SCORE_RENAMED,False,,0.6666666666666666,1.0,1.0,30,0,1.2682639865946794,1.0715370630919143,0,0,0.0,0.0
PRICE_RENAMED,SCORE_REORDERED,False,,0.6666666666666666,1.0,1.0,30,0,1.2682639865946794,1.0715370630919143,0,0,0.0,0.0
PRICE_RENAMED,SCORE_SPLIT,False,,0.6666666666666666,1.0,1.0,30,0,1.2682639865946794,1.0715370630919143,0,0,0.0,0.0
PRICE_RENAMED,STOCK_BASE,False,,0.6666666666666666,1.0,1.0,30,0,1.2682639865946794,1.0715370630919143,0,0,0.0,0.0
PRICE_RENAMED,STOCK_RENAMED,False,,0.6666666666666666,1.0,1.0,30,0,1.2682639865946794,1.0715370630919143,0,0,0.0,0.0
PRICE_RENAMED,STOCK_REORDERED,False,,0.6666666666666666,1.0,1.0,30,0,1.2682639865946794,1.0715370630919143,0,0,0.0,0.0
PRICE_RENAMED,STOCK_SPLIT,False,,0.6666666666666666,1.0,1.0,30,0,1.2682639865946794,1.0715370630919143,0,0,0.0,0.0
PRICE_RENAMED,TEMP_BASE,False,,0.5305555555555556,0.8222222222222222,0.8371794871794872,16,0,1.0,1.0,0,0,0.0,0.0
PRICE_RENAMED,TEMP_RENAMED,False,,0.5305555555555556,0.8222222222222222,0.8371794871794872,16,0,1.0,1.0,0,0,0.0,0.0
PRICE_RENAMED,TEMP_REORDERED,False,,0.5305555555555556,0.8222222222222222,0.8371794871794872,16,0,1.0,1.0,0,0,0.0,0.0
PRICE_RENAMED,TEMP_SPLIT,False,,0.5305555555555556,0.8222222222222222,0.8371794871794872,16,0,1.0,1.0,0,0,0.0,0.0
PRICE_REORDERED,PRICE_SPLIT,True,,1.0,1.0,1.0,30,0,1.2682639865946794,1.0715370630919143,0,0,0.0,0.0
PRICE_REORDERED,SCORE_BASE,False,,0.6666666666666666,1.0,1.0,30,0,1.2682639865946794,1.0715370630919143,0,0,0.0,0.0
PRICE_REORDERED,SCORE_RENAMED,False,,0.6666666666666666,1.0,1.0,30,0,1.2682639865946794,1.0715370630919143,0,0,0.0,0.0
PRICE_REORDERED,SCORE_REORDERED,False,,0.6666666666666666,1.0,1.0,30,0,1.2682639865946794,1.0715370630919143,0,0,0.0,0.0
PRICE_REORDERED,SCORE_SPLIT,False,,0.6666666666666666,1.0,1.0,30,0,1.2682639865946794,1.0715370630919143,0,0,0.0,0.0
PRICE_REORDERED,STOCK_BASE,False,,0.6666666666666666,1.0,1.0,30,0,1.2682639865946794,1.0715370630919143,0,0,0.0,0.0
PRICE_REORDERED,STOCK_RENAMED,False,,0.6666666666666666,1.0,1.0,30,0,1.2682639865946794,1.0715370630919143,0,0,0.0,0.0
PRICE_REORDERED,STOCK_REORDERED,False,,0.6666666666666666,1.0,1.0,30,0,1.2682639865946794,1.0715370630919143,0,0,0.0,0.0
PRICE_REORDERED,STOCK_SPLIT,False,,0.6666666666666666,1.0,1.0,30,0,1.2682639865946794,1.0715370630919143,0,0,0.0,0.0
PRICE_REORDERED,TEMP_BASE,False,,0.5305555555555556,0.8222222222222222,0.8371794871794872,16,0,1.0,1.0,0,0,0.0,0.0
PRICE_REORDERED,TEMP_RENAMED,False,,0.5305555555555556,0.8222222222222222,0.8371794871794872,16,0,1.0,1.0,0,0,0.0,0.0
PRICE_REORDERED,TEMP_REORDERED,False,,0.5305555555555556,0.8222222222222222,0.8371794871794872,16,0,1.0,1.0,0,0,0.0,0.0
PRICE_REORDERED,TEMP_SPLIT,False,,0.5305555555555556,0.8222222222222222,0.8371794871794872,16,0,1.0,1.0,0,0,0.0,0.0
PRICE_SPLIT,SCORE_BASE,False,,0.6666666666666666,1.0,1.0,30,0,1.2682639865946794,1.0715370630919143,0,0,0.0,0.0
PRICE_SPLIT,SCORE_RENAMED,False,,0.6666666666666666,1.0,1.0,30,0,1.2682639865946794,1.0715370630919143,0,0,0.0,0.0
PRICE_SPLIT,SCORE_REORDERED,False,,0.6666666666666666,1.0,1.0,30,0,1.2682639865946794,1.0715370630919143,0,0,0.0,0.0
PRICE_SPLIT,SCORE_SPLIT,False,,0.6666666666666666,1.0,1.0,30,0,1.2682639865946794,1.0715370630919143,0,0,0.0,0.0
PRICE_SPLIT,STOCK_BASE,False,,0.6666666666666666,1.0,1.0,30,0,1.2682639865946794,1.0715370630919143,0,0,0.0,0.0
PRICE_SPLIT,STOCK_RENAMED,False,,0.6666666666666666,1.0,1.0,30,0,1.2682639865946794,1.0715370630919143,0,0,0.0,0.0
PRICE_SPLIT,STOCK_REORDERED,False,,0.6666666666666666,1.0,1.0,30,0,1.2682639865946794,1.0715370630919143,0,0,0.0,0.0
PRICE_SPLIT,STOCK_SPLIT,False,,0.6666666666666666,1.0,1.0,30,0,1.2682639865946794,1.0715370630919143,0,0,0.0,0.0
PRICE_SPLIT,TEMP_BASE,False,,0.5305555555555556,0.8222222222222222,0.8371794871794872,16,0,1.0,1.0,0,0,0.0,0.0
PRICE_SPLIT,TEMP_RENAMED,False,,0.5305555555555556,0.8222222222222222,0.8371794871794872,16,0,1.0,1.0,0,0,0.0,0.0
PRICE_SPLIT,TEMP_REORDERED,False,,0.5305555555555556,0.8222222222222222,0.8371794871794872,16,0,1.0,1.0,0,0,0.0,0.0
PRICE_SPLIT,TEMP_SPLIT,False,,0.5305555555555556,0.8222222222222222,0.8371794871794872,16,0,1.0,1.0,0,0,0.0,0.0
SCORE_BASE,SCORE_RENAMED,True,identifier_rename,0.7777777777777778,1.0,1.0,30,0,1.2682639865946794,1.0715370630919143,0,0,0.0,0.0
SCORE_BASE,SCORE_REORDERED,True,method_reorder,1.0,1.0,1.0,30,0,1.2682639865946794,1.0715370630919143,0,0,0.0,0.0
SCORE_BASE,SCORE_SPLIT,True,class_split,1.0,1.0,1.0,30,0,1.2682639865946794,1.0715370630919143,1,1,2.734601055388106,2.734601055388106
SCORE_BASE,STOCK_BASE,False,,0.6666666666666666,1.0,1.0,30,0,1.2682639865946794,1.0715370630919143,0,0,0.0,0.0
SCORE_BASE,STOCK_RENAMED,False,,0.6666666666666666,1.0,1.0,30,0,1.2682639865946794,1.0715370630919143,0,0,0.0,0.0
SCORE_BASE,STOCK_REORDERED,False,,0.6666666666666666,1.0,1.0,30,0,1.2682639865946794,1.0715370630919143,0,0,0.0,0.0
SCORE_BASE,STOCK_SPLIT,False,,0.6666666666666666,1.0,1.0,30,0,1.2682639865946794,1.0715370630919143,0,0,0.0,0.0
SCORE_BASE,TEMP_BASE,False,,0.5305555555555556,0.8222222222222222,0.8371794871794872,16,0,1.0,1.0,0,0,0.0,0.0
SCORE_BASE,TEMP_RENAMED,False,,0.5305555555555556,0.8222222222222222,0.8371794871794872,16,0,1.0,1.0,0,0,0.0,0.0
SCORE_BASE,TEMP_REORDERED,False,,0.5305555555555556,0.8222222222222222,0.8371794871794872,16,0,1.0,1.0,0,0,0.0,0.0
SCORE_BASE,TEMP_SPLIT,False,,0.5305555555555556,0.8222222222222222,0.8371794871794872,16,0,1.0,1.0,0,0,0.0,0.0
SCORE_RENAMED,SCORE_REORDERED,True,,0.7777777777777778,1.0,1.0,30,0,1.2682639865946794,1.0715370630919143,0,0,0.0,0.0
SCORE_RENAMED,SCORE_SPLIT,True,,0.7777777777777778,1.0,1.0,30,0,1.2682639865946794,1.0715370630919143,0,0,0.0,0.0
SCORE_RENAMED,STOCK_BASE,False,,0.6666666666666666,1.0,1.0,30,0,1.2682639865946794,1.0715370630919143,0,0,0.0,0.0
SCORE_RENAMED,STOCK_RENAMED,False,,0.6666666666666666,1.0,1.0,30,0,1.2682639865946794,1.0715370630919143,0,0,0.0,0.0
SCORE_RENAMED,STOCK_REORDERED,False,,0.6666666666666666,1.0,1.0,30,0,1.2682639865946794,1.0715370630919143,0,0,0.0,0.0
SCORE_RENAMED,STOCK_SPLIT,False,,0.6666666666666666,1.0,1.0,30,0,1.2682639865946794,1.0715370630919143,0,0,0.0,0.0
SCORE_RENAMED,TEMP_BASE,False,,0.5305555555555556,0.8222222222222222,0.8371794871794872,16,0,1.0,1.0,0,0,0.0,0.0
SCORE_RENAMED,TEMP_RENAMED,False,,0.5305555555555556,0.8222222222222222,0.8371794871794872,16,0,1.0,1.0,0,0,0.0,0.0
SCORE_RENAMED,TEMP_REORDERED,False,,0.5305555555555556,0.8222222222222222,0.8371794871794872,16,0,1.0,1.0,0,0,0.0,0.0
SCORE_RENAMED,TEMP_SPLIT,False,,0.5305555555555556,0.8222222222222222,0.8371794871794872,16,0,1.0,1.0,0,0,0.0,0.0
SCORE_REORDERED,SCORE_SPLIT,True,,1.0,1.0,1.0,30,0,1.2682639865946794,1.0715370630919143,0,0,0.0,0.0
SCORE_REORDERED,STOCK_BASE,False,,0.6666666666666666,1.0,1.0,30,0,1.2682639865946794,1.0715370630919143,0,0,0.0,0.0
SCORE_REORDERED,STOCK_RENAMED,False,,0.6666666666666666,1.0,1.0,30,0,1.2682639865946794,1.0715370630919143,0,0,0.0,0.0
SCORE_REORDERED,STOCK_REORDERED,False,,0.6666666666666666,1.0,1.0,30,0,1.2682639865946794,1.0715370630919143,0,0,0.0,0.0
SCORE_REORDERED,STOCK_SPLIT,False,,0.6666666666666666,1.0,1.0,30,0,1.2682639865946794,1.0715370630919143,0,0,0.0,0.0
SCORE_REORDERED,TEMP_BASE,False,,0.5305555555555556,0.8222222222222222,0.8371794871794872,16,0,1.0,1.0,0,0,0.0,0.0
SCORE_REORDERED,TEMP_RENAMED,False,,0.5305555555555556,0.8222222222222222,0.8371794871794872,16,0,1.0,1.0,0,0,0.0,0.0
SCORE_REORDERED,TEMP_REORDERED,False,,0.5305555555555556,0.8222222222222222,0.8371794871794872,16,0,1.0,1.0,0,0,0.0,0.0
SCORE_REORDERED,TEMP_SPLIT,False,,0.5305555555555556,0.8222222222222222,0.8371794871794872,16,0,1.0,1.0,0,0,0.0,0.0
SCORE_SPLIT,STOCK_BASE,False,,0.6666666666666666,1.0,1.0,30,0,1.2682639865946794,1.0715370630919143,0,0,0.0,0.0
SCORE_SPLIT,STOCK_RENAMED,False,,0.6666666666666666,1.0,1.0,30,0,1.2682639865946794,1.0715370630919143,0,0,0.0,0.0
SCORE_SPLIT,STOCK_REORDERED,False,,0.6666666666666666,1.0,1.0,30,0,1.2682639865946794,1.0715370630919143,0,0,0.0,0.0
SCORE_SPLIT,STOCK_SPLIT,False,,0.6666666666666666,1.0,1.0,30,0,1.2682639865946794,1.0715370630919143,0,0,0.0,0.0
SCORE_SPLIT,TEMP_BASE,False,,0.5305555555555556,0.8222222222222222,0.8371794871794872,16,0,1.0,1.0,0,0,0.0,0.0
SCORE_SPLIT,TEMP_RENAMED,False,,0.5305555555555556,0.8222222222222222,0.8371794871794872,16,0,1.0,1.0,0,0,0.0,0.0
SCORE_SPLIT,TEMP_REORDERED,False,,0.5305555555555556,0.8222222222222222,0.8371794871794872,16,0,1.0,1.0,0,0,0.0,0.0
SCORE_SPLIT,TEMP_SPLIT,False,,0.5305555555555556,0.8222222222222222,0.8371794871794872,16,0,1.0,1.0,0,0,0.0,0.0
STOCK_BASE,STOCK_RENAMED,True,identifier_rename,0.7777777777777778,1.0,1.0,30,0,1.2682639865946794,1.0715370630919143,0,0,0.0,0.0
STOCK_BASE,STOCK_REORDERED,True,method_reorder,1.0,1.0,1.0,30,0,1.2682639865946794,1.0715370630919143,0,0,0.0,0.0
STOCK_BASE,STOCK_SPLIT,True,class_split,1.0,1.0,1.0,30,0,1.2682639865946794,1.0715370630919143,0,0,0.0,0.0
STOCK_BASE,TEMP_BASE,False,,0.5305555555555556,0.8222222222222222,0.8371794871794872,16,0,1.0,1.0,0,0,0.0,0.0
STOCK_BASE,TEMP_RENAMED,False,,0.5305555555555556,0.8222222222222222,0.8371794871794872,16,0,1.0,1.0,0,0,0.0,0.0
STOCK_BASE,TEMP_REORDERED,False,,0.5305555555555556,0.8222222222222222,0.8371794871794872,16,0,1.0,1.0,0,0,0.0,0.0
STOCK_BASE,TEMP_SPLIT,False,,0.5305555555555556,0.8222222222222222,0.8371794871794872,16,0,1.0,1.0,0,0,0.0,0.0
STOCK_RENAMED,STOCK_REORDERED,True,,0.7777777777777778,1.0,1.0,30,0,1.2682639865946794,1.0715370630919143,1,1,2.734601055388106,2.734601055388106
STOCK_RENAMED,STOCK_SPLIT,True,,0.7777777777777778,1.0,1.0,30,0,1.2682639865946794,1.0715370630919143,0,0,0.0,0.0
STOCK_RENAMED,TEMP_BASE,False,,0.5305555555555556,0.8222222222222222,0.8371794871794872,16,0,1.0,1.0,0,0,0.0,0.0
STOCK_RENAMED,TEMP_RENAMED,False,,0.5305555555555556,0.8222222222222222,0.8371794871794872,16,0,1.0,1.0,0,0,0.0,0.0
STOCK_RENAMED,TEMP_REORDERED,False,,0.5305555555555556,0.8222222222222222,0.8371794871794872,16,0,1.0,1.0,0,0,0.0,0.0
STOCK_RENAMED,TEMP_SPLIT,False,,0.5305555555555556,0.8222222222222222,0.8371794871794872,16,0,1.0,1.0,0,0,0.0,0.0
STOCK_REORDERED,STOCK_SPLIT,True,,1.0,1.0,1.0,30,0,1.2682639865946794,1.0715370630919143,0,0,0.0,0.0
STOCK_REORDERED,TEMP_BASE,False,,0.5305555555555556,0.8222222222222222,0.8371794871794872,16,0,1.0,1.0,0,0,0.0,0.0
STOCK_REORDERED,TEMP_RENAMED,False,,0.5305555555555556,0.8222222222222222,0.8371794871794872,16,0,1.0,1.0,0,0,0.0,0.0
STOCK_REORDERED,TEMP_REORDERED,False,,0.5305555555555556,0.8222222222222222,0.8371794871794872,16,0,1.0,1.0,0,0,0.0,0.0
STOCK_REORDERED,TEMP_SPLIT,False,,0.5305555555555556,0.8222222222222222,0.8371794871794872,16,0,1.0,1.0,0,0,0.0,0.0
STOCK_SPLIT,TEMP_BASE,False,,0.5305555555555556,0.8222222222222222,0.8371794871794872,16,0,1.0,1.0,0,0,0.0,0.0
STOCK_SPLIT,TEMP_RENAMED,False,,0.5305555555555556,0.8222222222222222,0.8371794871794872,16,0,1.0,1.0,0,0,0.0,0.0
STOCK_SPLIT,TEMP_REORDERED,False,,0.5305555555555556,0.8222222222222222,0.8371794871794872,16,0,1.0,1.0,0,0,0.0,0.0
STOCK_SPLIT,TEMP_SPLIT,False,,0.5305555555555556,0.8222222222222222,0.8371794871794872,16,0,1.0,1.0,0,0,0.0,0.0
TEMP_BASE,TEMP_RENAMED,True,identifier_rename,0.8207070707070707,1.0,1.0,34,0,2.2237754316221157,1.6478811108587672,1,1,2.4469189829363254,2.734601055388106
TEMP_BASE,TEMP_REORDERED,True,method_reorder,1.0,1.0,1.0,34,0,2.2237754316221157,1.6478811108587672,0,0,0.0,0.0
TEMP_BASE,TEMP_SPLIT,True,class_split,1.0,1.0,1.0,34,0,2.2237754316221157,1.6478811108587672,1,0,2.4469189829363254,0.0
TEMP_RENAMED,TEMP_REORDERED,True,,0.8207070707070707,1.0,1.0,34,0,2.2237754316221157,1.6478811108587672,0,0,0.0,0.0
TEMP_RENAMED,TEMP_SPLIT,True,,0.8207070707070707,1.0,1.0,34,0,2.2237754316221157,1.6478811108587672,1,0,2.4469189829363254,0.0
TEMP_REORDERED,TEMP_SPLIT,True,,1.0,1.0,1.0,34,0,2.2237754316221157,1.6478811108587672,0,0,0.0,0.0
