left_submission_id,right_submission_id,average_similarity,max_similarity
A001,A002,1.0,1.0
A001,A003,1.0,1.0
A001,A004,1.0,1.0
A001,A005,1.0,1.0
A001,A006,1.0,1.0
A001,A007,0.0,0.0
A001,A008,1.0,1.0
A001,A009,1.0,1.0
A001,A010,1.0,1.0
A001,A011,1.0,1.0
A001,A012,1.0,1.0
A001,A013,0.0,0.0
A001,A014,0.9523809523809523,1.0
A001,A015,1.0,1.0
A002,A003,1.0,1.0
A002,A004,1.0,1.0
A002,A005,1.0,1.0
A002,A006,1.0,1.0
A002,A007,0.0,0.0
A002,A008,1.0,1.0
A002,A009,1.0,1.0
A002,A010,1.0,1.0
A002,A011,1.0,1.0
A002,A012,1.0,1.0
A002,A013,0.0,0.0
A002,A014,0.9523809523809523,1.0
A002,A015,1.0,1.0
A003,A004,1.0,1.0
A003,A005,1.0,1.0
A003,A006,1.0,1.0
A003,A007,0.0,0.0
A003,A008,1.0,1.0
A003,A009,1.0,1.0
A003,A010,1.0,1.0
A003,A011,1.0,1.0
A003,A012,1.0,1.0
A003,A013,0.0,0.0
A003,A014,0.9523809523809523,1.0
A003,A015,1.0,1.0
A004,A005,1.0,1.0
A004,A006,1.0,1.0
A004,A007,0.0,0.0
A004,A008,1.0,1.0
A004,A009,1.0,1.0
A004,A010,1.0,1.0
A004,A011,1.0,1.0
A004,A012,1.0,1.0
A004,A013,0.0,0.0
A004,A014,0.9523809523809523,1.0
A004,A015,1.0,1.0
A005,A006,1.0,1.0
A005,A007,0.0,0.0
A005,A008,1.0,1.0
A005,A009,1.0,1.0
A005,A010,1.0,1.0
A005,A011,1.0,1.0
A005,A012,1.0,1.0
A005,A013,0.0,0.0
A005,A014,0.9523809523809523,1.0
A005,A015,1.0,1.0
A006,A007,0.0,0.0
A006,A008,1.0,1.0
A006,A009,1.0,1.0
A006,A010,1.0,1.0
A006,A011,1.0,1.0
A006,A012,1.0,1.0
A006,A013,0.0,0.0
A006,A014,0.9523809523809523,1.0
A006,A015,1.0,1.0
A007,A008,0.0,0.0
A007,A009,0.0,0.0
A007,A010,0.0,0.0
A007,A011,0.0,0.0
A007,A012,0.0,0.0
A007,A013,0.0,0.0
A007,A014,0.0,0.0
A007,A015,0.0,0.0
A008,A009,1.0,1.0
A008,A010,1.0,1.0
A008,A011,1.0,1.0
A008,A012,1.0,1.0
A008,A013,0.0,0.0
A008,A014,0.9523809523809523,1.0
A008,A015,1.0,1.0
A009,A010,1.0,1.0
A009,A011,1.0,1.0
A009,A012,1.0,1.0
A009,A013,0.0,0.0
A009,A014,0.9523809523809523,1.0
A009,A015,1.0,1.0
A010,A011,1.0,1.0
A010,A012,1.0,1.0
A010,A013,0.0,0.0
A010,A014,0.9523809523809523,1.0
A010,A015,1.0,1.0
A011,A012,1.0,1.0
A011,A013,0.0,0.0
A011,A014,0.9523809523809523,1.0
A011,A015,1.0,1.0
A012,A013,0.0,0.0
A012,A014,0.9523809523809523,1.0
A012,A015,1.0,1.0
A013,A014,0.0,0.0
A013,A015,0.0,0.0
A014,A015,0.9523809523809523,1.0
