left_submission_id,right_submission_id,left_fragment_count,right_fragment_count,matched_count,left_coverage,right_coverage,mean_raw_similarity,mean_normalized_similarity,mean_structural_similarity,shared_feature_count,pair_specific_feature_count,max_rarity,mean_rarity
A001,A002,1,1,1,1.0,1.0,1.0,1.0,1.0,36,0,1.2076393647782446,1.0739917056317738
A001,A003,1,1,1,1.0,1.0,1.0,1.0,1.0,36,0,1.2076393647782446,1.0739917056317738
A001,A004,1,1,1,1.0,1.0,1.0,1.0,1.0,36,0,1.2076393647782446,1.0739917056317738
A001,A005,1,1,1,1.0,1.0,1.0,1.0,1.0,36,0,1.2076393647782446,1.0739917056317738
A001,A006,1,1,1,1.0,1.0,1.0,1.0,1.0,36,0,1.2076393647782446,1.0739917056317738
A001,A007,1,1,1,1.0,1.0,0.8433734939759037,0.8674698795180723,0.88,27,0,1.2076393647782446,1.0592557263739653
A001,A008,1,1,1,1.0,1.0,1.0,1.0,1.0,36,0,1.2076393647782446,1.0739917056317738
A001,A009,1,1,1,1.0,1.0,1.0,1.0,1.0,36,0,1.2076393647782446,1.0739917056317738
A001,A010,1,1,1,1.0,1.0,1.0,1.0,1.0,36,0,1.2076393647782446,1.0739917056317738
A001,A011,1,1,1,1.0,1.0,1.0,1.0,1.0,36,0,1.2076393647782446,1.0739917056317738
A001,A012,1,1,1,1.0,1.0,1.0,1.0,1.0,36,0,1.2076393647782446,1.0739917056317738
A001,A013,1,1,1,1.0,1.0,0.5094339622641509,0.5660377358490566,0.5660377358490566,19,0,1.1335313926245225,1.0489613367380146
A001,A014,1,1,1,1.0,1.0,0.9473684210526315,0.9473684210526315,0.9739130434782609,27,0,1.1335313926245225,1.0459109241726663
A001,A015,1,1,1,1.0,1.0,0.9736842105263158,0.9736842105263158,0.9739130434782609,31,0,1.1335313926245225,1.05721679106968
A002,A003,1,1,1,1.0,1.0,1.0,1.0,1.0,36,0,1.2076393647782446,1.0739917056317738
A002,A004,1,1,1,1.0,1.0,1.0,1.0,1.0,36,0,1.2076393647782446,1.0739917056317738
A002,A005,1,1,1,1.0,1.0,1.0,1.0,1.0,36,0,1.2076393647782446,1.0739917056317738
A002,A006,1,1,1,1.0,1.0,1.0,1.0,1.0,36,0,1.2076393647782446,1.0739917056317738
A002,A007,1,1,1,1.0,1.0,0.8433734939759037,0.8674698795180723,0.88,27,0,1.2076393647782446,1.0592557263739653
A002,A008,1,1,1,1.0,1.0,1.0,1.0,1.0,36,0,1.2076393647782446,1.0739917056317738
A002,A009,1,1,1,1.0,1.0,1.0,1.0,1.0,36,0,1.2076393647782446,1.0739917056317738
A002,A010,1,1,1,1.0,1.0,1.0,1.0,1.0,36,0,1.2076393647782446,1.0739917056317738
A002,A011,1,1,1,1.0,1.0,1.0,1.0,1.0,36,0,1.2076393647782446,1.0739917056317738
A002,A012,1,1,1,1.0,1.0,1.0,1.0,1.0,36,0,1.2076393647782446,1.0739917056317738
A002,A013,1,1,1,1.0,1.0,0.5094339622641509,0.5660377358490566,0.5660377358490566,19,0,1.1335313926245225,1.0489613367380146
A002,A014,1,1,1,1.0,1.0,0.9473684210526315,0.9473684210526315,0.9739130434782609,27,0,1.1335313926245225,1.0459109241726663
A002,A015,1,1,1,1.0,1.0,0.9736842105263158,0.9736842105263158,0.9739130434782609,31,0,1.1335313926245225,1.05721679106968
A003,A004,1,1,1,1.0,1.0,1.0,1.0,1.0,36,0,1.2076393647782446,1.0739917056317738
A003,A005,1,1,1,1.0,1.0,1.0,1.0,1.0,36,0,1.2076393647782446,1.0739917056317738
A003,A006,1,1,1,1.0,1.0,1.0,1.0,1.0,36,0,1.2076393647782446,1.0739917056317738
A003,A007,1,1,1,1.0,1.0,0.8433734939759037,0.8674698795180723,0.88,27,0,1.2076393647782446,1.0592557263739653
A003,A008,1,1,1,1.0,1.0,1.0,1.0,1.0,36,0,1.2076393647782446,1.0739917056317738
A003,A009,1,1,1,1.0,1.0,1.0,1.0,1.0,36,0,1.2076393647782446,1.0739917056317738
A003,A010,1,1,1,1.0,1.0,1.0,1.0,1.0,36,0,1.2076393647782446,1.0739917056317738
A003,A011,1,1,1,1.0,1.0,1.0,1.0,1.0,36,0,1.2076393647782446,1.0739917056317738
A003,A012,1,1,1,1.0,1.0,1.0,1.0,1.0,36,0,1.2076393647782446,1.0739917056317738
A003,A013,1,1,1,1.0,1.0,0.5094339622641509,0.5660377358490566,0.5660377358490566,19,0,1.1335313926245225,1.0489613367380146
A003,A014,1,1,1,1.0,1.0,0.9473684210526315,0.9473684210526315,0.9739130434782609,27,0,1.1335313926245225,1.0459109241726663
A003,A015,1,1,1,1.0,1.0,0.9736842105263158,0.9736842105263158,0.9739130434782609,31,0,1.1335313926245225,1.05721679106968
A004,A005,1,1,1,1.0,1.0,1.0,1.0,1.0,36,0,1.2076393647782446,1.0739917056317738
A004,A006,1,1,1,1.0,1.0,1.0,1.0,1.0,36,0,1.2076393647782446,1.0739917056317738
A004,A007,1,1,1,1.0,1.0,0.8433734939759037,0.8674698795180723,0.88,27,0,1.2076393647782446,1.0592557263739653
A004,A008,1,1,1,1.0,1.0,1.0,1.0,1.0,36,0,1.2076393647782446,1.0739917056317738
A004,A009,1,1,1,1.0,1.0,1.0,1.0,1.0,36,0,1.2076393647782446,1.0739917056317738
A004,A010,1,1,1,1.0,1.0,1.0,1.0,1.0,36,0,1.2076393647782446,1.0739917056317738
A004,A011,1,1,1,1.0,1.0,1.0,1.0,1.0,36,0,1.2076393647782446,1.0739917056317738
A004,A012,1,1,1,1.0,1.0,1.0,1.0,1.0,36,0,1.2076393647782446,1.0739917056317738
A004,A013,1,1,1,1.0,1.0,0.5094339622641509,0.5660377358490566,0.5660377358490566,19,0,1.1335313926245225,1.0489613367380146
A004,A014,1,1,1,1.0,1.0,0.9473684210526315,0.9473684210526315,0.9739130434782609,27,0,1.1335313926245225,1.0459109241726663
A004,A015,1,1,1,1.0,1.0,0.9736842105263158,0.9736842105263158,0.9739130434782609,31,0,1.1335313926245225,1.05721679106968
A005,A006,1,1,1,1.0,1.0,1.0,1.0,1.0,36,0,1.2076393647782446,1.0739917056317738
A005,A007,1,1,1,1.0,1.0,0.8433734939759037,0.8674698795180723,0.88,27,0,1.2076393647782446,1.0592557263739653
A005,A008,1,1,1,1.0,1.0,1.0,1.0,1.0,36,0,1.2076393647782446,1.0739917056317738
A005,A009,1,1,1,1.0,1.0,1.0,1.0,1.0,36,0,1.2076393647782446,1.0739917056317738
A005,A010,1,1,1,1.0,1.0,1.0,1.0,1.0,36,0,1.2076393647782446,1.0739917056317738
A005,A011,1,1,1,1.0,1.0,1.0,1.0,1.0,36,0,1.2076393647782446,1.0739917056317738
A005,A012,1,1,1,1.0,1.0,1.0,1.0,1.0,36,0,1.2076393647782446,1.0739917056317738
A005,A013,1,1,1,1.0,1.0,0.5094339622641509,0.5660377358490566,0.5660377358490566,19,0,1.1335313926245225,1.0489613367380146
A005,A014,1,1,1,1.0,1.0,0.9473684210526315,0.9473684210526315,0.9739130434782609,27,0,1.1335313926245225,1.0459109241726663
A005,A015,1,1,1,1.0,1.0,0.9736842105263158,0.9736842105263158,0.9739130434782609,31,0,1.1335313926245225,1.05721679106968
A006,A007,1,1,1,1.0,1.0,0.8433734939759037,0.8674698795180723,0.88,27,0,1.2076393647782446,1.0592557263739653
A006,A008,1,1,1,1.0,1.0,1.0,1.0,1.0,36,0,1.2076393647782446,1.0739917056317738
A006,A009,1,1,1,1.0,1.0,1.0,1.0,1.0,36,0,1.2076393647782446,1.0739917056317738
A006,A010,1,1,1,1.0,1.0,1.0,1.0,1.0,36,0,1.2076393647782446,1.0739917056317738
A006,A011,1,1,1,1.0,1.0,1.0,1.0,1.0,36,0,1.2076393647782446,1.0739917056317738
A006,A012,1,1,1,1.0,1.0,1.0,1.0,1.0,36,0,1.2076393647782446,1.0739917056317738
A006,A013,1,1,1,1.0,1.0,0.5094339622641509,0.5660377358490566,0.5660377358490566,19,0,1.1335313926245225,1.0489613367380146
A006,A014,1,1,1,1.0,1.0,0.9473684210526315,0.9473684210526315,0.9739130434782609,27,0,1.1335313926245225,1.0459109241726663
A006,A015,1,1,1,1.0,1.0,0.9736842105263158,0.9736842105263158,0.9739130434782609,31,0,1.1335313926245225,1.05721679106968
A007,A008,1,1,1,1.0,1.0,0.8433734939759037,0.8674698795180723,0.88,27,0,1.2076393647782446,1.0592557263739653
A007,A009,1,1,1,1.0,1.0,0.8433734939759037,0.8674698795180723,0.88,27,0,1.2076393647782446,1.0592557263739653
A007,A010,1,1,1,1.0,1.0,0.8433734939759037,0.8674698795180723,0.88,27,0,1.2076393647782446,1.0592557263739653
A007,A011,1,1,1,1.0,1.0,0.8433734939759037,0.8674698795180723,0.88,27,0,1.2076393647782446,1.0592557263739653
A007,A012,1,1,1,1.0,1.0,0.8433734939759037,0.8674698795180723,0.88,27,0,1.2076393647782446,1.0592557263739653
A007,A013,1,1,1,1.0,1.0,0.5045045045045045,0.5765765765765766,0.5662650602409639,14,1,2.6739764335716716,1.138645658487194
A007,A014,1,1,1,1.0,1.0,0.8148148148148148,0.8395061728395061,0.8524590163934426,22,0,1.064538521137571,1.0322692605687855
A007,A015,1,1,1,1.0,1.0,0.8148148148148148,0.8395061728395061,0.8524590163934426,22,0,1.064538521137571,1.0322692605687855
A008,A009,1,1,1,1.0,1.0,1.0,1.0,1.0,36,0,1.2076393647782446,1.0739917056317738
A008,A010,1,1,1,1.0,1.0,1.0,1.0,1.0,36,0,1.2076393647782446,1.0739917056317738
A008,A011,1,1,1,1.0,1.0,1.0,1.0,1.0,36,0,1.2076393647782446,1.0739917056317738
A008,A012,1,1,1,1.0,1.0,1.0,1.0,1.0,36,0,1.2076393647782446,1.0739917056317738
A008,A013,1,1,1,1.0,1.0,0.5094339622641509,0.5660377358490566,0.5660377358490566,19,0,1.1335313926245225,1.0489613367380146
A008,A014,1,1,1,1.0,1.0,0.9473684210526315,0.9473684210526315,0.9739130434782609,27,0,1.1335313926245225,1.0459109241726663
A008,A015,1,1,1,1.0,1.0,0.9736842105263158,0.9736842105263158,0.9739130434782609,31,0,1.1335313926245225,1.05721679106968
A009,A010,1,1,1,1.0,1.0,1.0,1.0,1.0,36,0,1.2076393647782446,1.0739917056317738
A009,A011,1,1,1,1.0,1.0,1.0,1.0,1.0,36,0,1.2076393647782446,1.0739917056317738
A009,A012,1,1,1,1.0,1.0,1.0,1.0,1.0,36,0,1.2076393647782446,1.0739917056317738
A009,A013,1,1,1,1.0,1.0,0.5094339622641509,0.5660377358490566,0.5660377358490566,19,0,1.1335313926245225,1.0489613367380146
A009,A014,1,1,1,1.0,1.0,0.9473684210526315,0.9473684210526315,0.9739130434782609,27,0,1.1335313926245225,1.0459109241726663
A009,A015,1,1,1,1.0,1.0,0.9736842105263158,0.9736842105263158,0.9739130434782609,31,0,1.1335313926245225,1.05721679106968
A010,A011,1,1,1,1.0,1.0,1.0,1.0,1.0,36,0,1.2076393647782446,1.0739917056317738
A010,A012,1,1,1,1.0,1.0,1.0,1.0,1.0,36,0,1.2076393647782446,1.0739917056317738
A010,A013,1,1,1,1.0,1.0,0.5094339622641509,0.5660377358490566,0.5660377358490566,19,0,1.1335313926245225,1.0489613367380146
A010,A014,1,1,1,1.0,1.0,0.9473684210526315,0.9473684210526315,0.9739130434782609,27,0,1.1335313926245225,1.0459109241726663
A010,A015,1,1,1,1.0,1.0,0.9736842105263158,0.9736842105263158,0.9739130434782609,31,0,1.1335313926245225,1.05721679106968
A011,A012,1,1,1,1.0,1.0,1.0,1.0,1.0,36,0,1.2076393647782446,1.0739917056317738
A011,A013,1,1,1,1.0,1.0,0.5094339622641509,0.5660377358490566,0.5660377358490566,19,0,1.1335313926245225,1.0489613367380146
A011,A014,1,1,1,1.0,1.0,0.9473684210526315,0.9473684210526315,0.9739130434782609,27,0,1.1335313926245225,1.0459109241726663
A011,A015,1,1,1,1.0,1.0,0.9736842105263158,0.9736842105263158,0.9739130434782609,31,0,1.1335313926245225,1.05721679106968
A012,A013,1,1,1,1.0,1.0,0.5094339622641509,0.5660377358490566,0.5660377358490566,19,0,1.1335313926245225,1.0489613367380146
A012,A014,1,1,1,1.0,1.0,0.9473684210526315,0.9473684210526315,0.9739130434782609,27,0,1.1335313926245225,1.0459109241726663
A012,A015,1,1,1,1.0,1.0,0.9736842105263158,0.9736842105263158,0.9739130434782609,31,0,1.1335313926245225,1.05721679106968
A013,A014,1,1,1,1.0,1.0,0.5,0.5576923076923077,0.5769230769230769,13,0,1.064538521137571,1.009929003251934
A013,A015,1,1,1,1.0,1.0,0.5192307692307693,0.5769230769230769,0.5769230769230769,17,0,1.1335313926245225,1.0390119183984254
A014,A015,1,1,1,1.0,1.0,0.972972972972973,0.972972972972973,1.0,30,3,2.6739764335716716,1.2087174751125669
